,BYD,Ford,Hyundai,Mazda,Volvo
0,9.0,3.0,2.0,12.0,1.0
1,9.0,3.0,2.0,12.0,1.0
2,3.5714285714285716,6.166666666666667,3.857142857142857,4.571428571428571,6.0
3,4.0,6.166666666666667,6.0,0.0,6.0
4,1.0,1.0,3.0,0.0,6.0
5,0.0,6.0,0.0,0.0,6.0
6,1.0,12.0,7.0,4.0,11.0
7,1.0,12.0,7.0,4.0,11.0
